{"cameraMode":{"drawMode":0,"name":"Shaded","section":"Shading Mode"},"sceneLighting":true,"audioPlay":false,"sceneViewState":{"m_AlwaysRefresh":false,"showFog":true,"showSkybox":true,"showFlares":true,"showImageEffects":true,"showParticleSystems":true,"showVisualEffectGraphs":true,"m_FxEnabled":true},"in2DMode":false,"pivot":{"x":-0.04896026849746704,"y":0.8983224034309387,"z":0.02212342619895935},"rotation":{"x":-0.06757126748561859,"y":0.9102828502655029,"z":-0.16452457010746003,"w":-0.3738565146923065},"size":0.6865567564964294,"orthographic":false}