{"cameraMode":{"drawMode":0,"name":"Shaded","section":"Shading Mode"},"sceneLighting":false,"audioPlay":false,"sceneViewState":{"m_AlwaysRefresh":false,"showFog":false,"showSkybox":false,"showFlares":false,"showImageEffects":false,"showParticleSystems":false,"showVisualEffectGraphs":true,"m_FxEnabled":true},"in2DMode":false,"pivot":{"x":0.021445631980895997,"y":0.8917275071144104,"z":0.24463129043579102},"rotation":{"x":-0.0683782622218132,"y":0.9307656288146973,"z":-0.2325390726327896,"w":-0.2739109694957733},"size":1.6767723560333253,"orthographic":false}