{"cameraMode":{"drawMode":0,"name":"Shaded","section":"Shading Mode"},"sceneLighting":true,"audioPlay":false,"sceneViewState":{"m_AlwaysRefresh":false,"showFog":true,"showSkybox":true,"showFlares":true,"showImageEffects":true,"showParticleSystems":true,"showVisualEffectGraphs":true,"m_FxEnabled":true},"in2DMode":false,"pivot":{"x":-1.3090193271636963,"y":1.102829098701477,"z":0.23395311832427979},"rotation":{"x":-0.18644170463085175,"y":0.6259097456932068,"z":-0.15715621411800385,"w":-0.7408748269081116},"size":1.1803432703018189,"orthographic":false}