{"cameraMode":{"drawMode":0,"name":"Shaded","section":"Shading Mode"},"sceneLighting":true,"audioPlay":false,"sceneViewState":{"m_AlwaysRefresh":false,"showFog":true,"showSkybox":true,"showFlares":true,"showImageEffects":true,"showParticleSystems":true,"showVisualEffectGraphs":true,"m_FxEnabled":true},"in2DMode":false,"pivot":{"x":0.16043362021446229,"y":1.0953909158706666,"z":-1.3343005180358887},"rotation":{"x":0.265491783618927,"y":-0.24118733406066895,"z":0.06878053396940232,"w":0.9309439659118652},"size":0.2700214982032776,"orthographic":false}