{"cameraMode":{"drawMode":0,"name":"Shaded","section":"Shading Mode"},"sceneLighting":true,"audioPlay":false,"sceneViewState":{"m_AlwaysRefresh":false,"showFog":true,"showSkybox":true,"showFlares":true,"showImageEffects":true,"showParticleSystems":true,"showVisualEffectGraphs":true,"m_FxEnabled":true},"in2DMode":false,"pivot":{"x":-1.7158116102218629,"y":0.8399287462234497,"z":-0.08487501740455628},"rotation":{"x":0.02647051401436329,"y":0.9405267238616943,"z":-0.07520627975463867,"w":0.3303769826889038},"size":0.6000174283981323,"orthographic":false}